Metric,Train,Validation,Test
Accuracy,0.9968664316490403,0.9890310786106032,0.9835766423357665
Precision,0.9942857142857143,0.9933993399339934,0.9825174825174825
Recall,1.0,0.9868852459016394,0.9859649122807017
F1 Score,0.9971346704871061,0.9901315789473685,0.9842381786339754
